Run ID,Name,Source Type,Source Name,User,Status,cv,experiment_value,meta_pipeline__xgbregressor_meta__base_score,meta_pipeline__xgbregressor_meta__booster,meta_pipeline__xgbregressor_meta__colsample_bylevel,meta_pipeline__xgbregressor_meta__colsample_bynode,meta_pipeline__xgbregressor_meta__colsample_bytree,meta_pipeline__xgbregressor_meta__gamma,meta_pipeline__xgbregressor_meta__importance_type,meta_pipeline__xgbregressor_meta__learning_rate,meta_pipeline__xgbregressor_meta__max_delta_step,meta_pipeline__xgbregressor_meta__max_depth,meta_pipeline__xgbregressor_meta__min_child_weight,meta_pipeline__xgbregressor_meta__n_estimators,meta_pipeline__xgbregressor_meta__objective,meta_pipeline__xgbregressor_meta__reg_alpha,meta_pipeline__xgbregressor_meta__reg_lambda,meta_pipeline__xgbregressor_meta__scale_pos_weight,meta_pipeline__xgbregressor_meta__subsample,min_year,model,pipeline__baggingregressor__base_estimator__base_score,pipeline__baggingregressor__base_estimator__booster,pipeline__baggingregressor__base_estimator__colsample_bylevel,pipeline__baggingregressor__base_estimator__colsample_bynode,pipeline__baggingregressor__base_estimator__colsample_bytree,pipeline__baggingregressor__base_estimator__gamma,pipeline__baggingregressor__base_estimator__importance_type,pipeline__baggingregressor__base_estimator__learning_rate,pipeline__baggingregressor__base_estimator__max_delta_step,pipeline__baggingregressor__base_estimator__max_depth,pipeline__baggingregressor__base_estimator__min_child_weight,pipeline__baggingregressor__base_estimator__n_estimators,pipeline__baggingregressor__base_estimator__objective,pipeline__baggingregressor__base_estimator__reg_alpha,pipeline__baggingregressor__base_estimator__reg_lambda,pipeline__baggingregressor__base_estimator__scale_pos_weight,pipeline__baggingregressor__base_estimator__subsample,pipeline__baggingregressor__bootstrap,pipeline__baggingregressor__bootstrap_features,pipeline__baggingregressor__max_features,pipeline__baggingregressor__max_samples,pipeline__baggingregressor__n_estimators,pipeline__baggingregressor__oob_score,pipeline__baggingregressor__warm_start,pipeline__correlationselector__threshold,pipeline__eloregressor__home_ground_advantage,pipeline__eloregressor__k,pipeline__eloregressor__m,pipeline__eloregressor__s,pipeline__eloregressor__season_carryover,pipeline__eloregressor__x,pipeline__meta_regressor__catboostregressor__loss_function,pipeline__meta_regressor__catboostregressor__random_seed,pipeline__meta_regressor__extratreesregressor__bootstrap,pipeline__meta_regressor__extratreesregressor__ccp_alpha,pipeline__meta_regressor__extratreesregressor__criterion,pipeline__meta_regressor__extratreesregressor__max_features,pipeline__meta_regressor__extratreesregressor__min_impurity_decrease,pipeline__meta_regressor__extratreesregressor__min_samples_leaf,pipeline__meta_regressor__extratreesregressor__min_samples_split,pipeline__meta_regressor__extratreesregressor__min_weight_fraction_leaf,pipeline__meta_regressor__extratreesregressor__n_estimators,pipeline__meta_regressor__extratreesregressor__oob_score,pipeline__meta_regressor__extratreesregressor__warm_start,pipeline__meta_regressor__gradientboostingregressor__alpha,pipeline__meta_regressor__gradientboostingregressor__ccp_alpha,pipeline__meta_regressor__gradientboostingregressor__criterion,pipeline__meta_regressor__gradientboostingregressor__learning_rate,pipeline__meta_regressor__gradientboostingregressor__loss,pipeline__meta_regressor__gradientboostingregressor__max_depth,pipeline__meta_regressor__gradientboostingregressor__min_impurity_decrease,pipeline__meta_regressor__gradientboostingregressor__min_samples_leaf,pipeline__meta_regressor__gradientboostingregressor__min_samples_split,pipeline__meta_regressor__gradientboostingregressor__min_weight_fraction_leaf,pipeline__meta_regressor__gradientboostingregressor__n_estimators,pipeline__meta_regressor__gradientboostingregressor__presort,pipeline__meta_regressor__gradientboostingregressor__subsample,pipeline__meta_regressor__gradientboostingregressor__tol,pipeline__meta_regressor__gradientboostingregressor__validation_fraction,pipeline__meta_regressor__gradientboostingregressor__warm_start,pipeline__meta_regressor__histgradientboostingregressor__l2_regularization,pipeline__meta_regressor__histgradientboostingregressor__learning_rate,pipeline__meta_regressor__histgradientboostingregressor__loss,pipeline__meta_regressor__histgradientboostingregressor__max_bins,pipeline__meta_regressor__histgradientboostingregressor__max_iter,pipeline__meta_regressor__histgradientboostingregressor__max_leaf_nodes,pipeline__meta_regressor__histgradientboostingregressor__min_samples_leaf,pipeline__meta_regressor__histgradientboostingregressor__tol,pipeline__meta_regressor__histgradientboostingregressor__validation_fraction,pipeline__meta_regressor__histgradientboostingregressor__warm_start,pipeline__meta_regressor__kneighborsregressor__algorithm,pipeline__meta_regressor__kneighborsregressor__leaf_size,pipeline__meta_regressor__kneighborsregressor__metric,pipeline__meta_regressor__kneighborsregressor__n_neighbors,pipeline__meta_regressor__kneighborsregressor__p,pipeline__meta_regressor__kneighborsregressor__weights,pipeline__meta_regressor__lasso__alpha,pipeline__meta_regressor__lasso__fit_intercept,pipeline__meta_regressor__lasso__max_iter,pipeline__meta_regressor__lasso__normalize,pipeline__meta_regressor__lasso__positive,pipeline__meta_regressor__lasso__precompute,pipeline__meta_regressor__lasso__selection,pipeline__meta_regressor__lasso__tol,pipeline__meta_regressor__lasso__warm_start,pipeline__meta_regressor__linearsvr__C,pipeline__meta_regressor__linearsvr__dual,pipeline__meta_regressor__linearsvr__epsilon,pipeline__meta_regressor__linearsvr__fit_intercept,pipeline__meta_regressor__linearsvr__intercept_scaling,pipeline__meta_regressor__linearsvr__loss,pipeline__meta_regressor__linearsvr__max_iter,pipeline__meta_regressor__linearsvr__tol,pipeline__meta_regressor__orthogonalmatchingpursuit__fit_intercept,pipeline__meta_regressor__orthogonalmatchingpursuit__normalize,pipeline__meta_regressor__orthogonalmatchingpursuit__precompute,pipeline__meta_regressor__ridge__alpha,pipeline__meta_regressor__ridge__fit_intercept,pipeline__meta_regressor__ridge__normalize,pipeline__meta_regressor__ridge__solver,pipeline__meta_regressor__ridge__tol,pipeline__meta_regressor__xgbregressor__base_score,pipeline__meta_regressor__xgbregressor__booster,pipeline__meta_regressor__xgbregressor__colsample_bylevel,pipeline__meta_regressor__xgbregressor__colsample_bynode,pipeline__meta_regressor__xgbregressor__colsample_bytree,pipeline__meta_regressor__xgbregressor__gamma,pipeline__meta_regressor__xgbregressor__importance_type,pipeline__meta_regressor__xgbregressor__learning_rate,pipeline__meta_regressor__xgbregressor__max_delta_step,pipeline__meta_regressor__xgbregressor__max_depth,pipeline__meta_regressor__xgbregressor__min_child_weight,pipeline__meta_regressor__xgbregressor__n_estimators,pipeline__meta_regressor__xgbregressor__objective,pipeline__meta_regressor__xgbregressor__reg_alpha,pipeline__meta_regressor__xgbregressor__reg_lambda,pipeline__meta_regressor__xgbregressor__scale_pos_weight,pipeline__meta_regressor__xgbregressor__subsample,pipeline__pipeline-1__catboostregressor__loss_function,pipeline__pipeline-1__catboostregressor__random_seed,pipeline__pipeline-1__extratreesregressor__bootstrap,pipeline__pipeline-1__extratreesregressor__ccp_alpha,pipeline__pipeline-1__extratreesregressor__criterion,pipeline__pipeline-1__extratreesregressor__max_features,pipeline__pipeline-1__extratreesregressor__min_impurity_decrease,pipeline__pipeline-1__extratreesregressor__min_samples_leaf,pipeline__pipeline-1__extratreesregressor__min_samples_split,pipeline__pipeline-1__extratreesregressor__min_weight_fraction_leaf,pipeline__pipeline-1__extratreesregressor__n_estimators,pipeline__pipeline-1__extratreesregressor__oob_score,pipeline__pipeline-1__extratreesregressor__warm_start,pipeline__pipeline-1__gradientboostingregressor__alpha,pipeline__pipeline-1__gradientboostingregressor__ccp_alpha,pipeline__pipeline-1__gradientboostingregressor__criterion,pipeline__pipeline-1__gradientboostingregressor__learning_rate,pipeline__pipeline-1__gradientboostingregressor__loss,pipeline__pipeline-1__gradientboostingregressor__max_depth,pipeline__pipeline-1__gradientboostingregressor__min_impurity_decrease,pipeline__pipeline-1__gradientboostingregressor__min_samples_leaf,pipeline__pipeline-1__gradientboostingregressor__min_samples_split,pipeline__pipeline-1__gradientboostingregressor__min_weight_fraction_leaf,pipeline__pipeline-1__gradientboostingregressor__n_estimators,pipeline__pipeline-1__gradientboostingregressor__presort,pipeline__pipeline-1__gradientboostingregressor__subsample,pipeline__pipeline-1__gradientboostingregressor__tol,pipeline__pipeline-1__gradientboostingregressor__validation_fraction,pipeline__pipeline-1__gradientboostingregressor__warm_start,pipeline__pipeline-1__histgradientboostingregressor__l2_regularization,pipeline__pipeline-1__histgradientboostingregressor__learning_rate,pipeline__pipeline-1__histgradientboostingregressor__loss,pipeline__pipeline-1__histgradientboostingregressor__max_bins,pipeline__pipeline-1__histgradientboostingregressor__max_iter,pipeline__pipeline-1__histgradientboostingregressor__max_leaf_nodes,pipeline__pipeline-1__histgradientboostingregressor__min_samples_leaf,pipeline__pipeline-1__histgradientboostingregressor__tol,pipeline__pipeline-1__histgradientboostingregressor__validation_fraction,pipeline__pipeline-1__histgradientboostingregressor__warm_start,pipeline__pipeline-1__kneighborsregressor__algorithm,pipeline__pipeline-1__kneighborsregressor__leaf_size,pipeline__pipeline-1__kneighborsregressor__metric,pipeline__pipeline-1__kneighborsregressor__n_neighbors,pipeline__pipeline-1__kneighborsregressor__p,pipeline__pipeline-1__kneighborsregressor__weights,pipeline__pipeline-1__lasso__alpha,pipeline__pipeline-1__lasso__fit_intercept,pipeline__pipeline-1__lasso__max_iter,pipeline__pipeline-1__lasso__normalize,pipeline__pipeline-1__lasso__positive,pipeline__pipeline-1__lasso__precompute,pipeline__pipeline-1__lasso__selection,pipeline__pipeline-1__lasso__tol,pipeline__pipeline-1__lasso__warm_start,pipeline__pipeline-1__linearsvr__C,pipeline__pipeline-1__linearsvr__dual,pipeline__pipeline-1__linearsvr__epsilon,pipeline__pipeline-1__linearsvr__fit_intercept,pipeline__pipeline-1__linearsvr__intercept_scaling,pipeline__pipeline-1__linearsvr__loss,pipeline__pipeline-1__linearsvr__max_iter,pipeline__pipeline-1__linearsvr__tol,pipeline__pipeline-1__orthogonalmatchingpursuit__fit_intercept,pipeline__pipeline-1__orthogonalmatchingpursuit__normalize,pipeline__pipeline-1__orthogonalmatchingpursuit__precompute,pipeline__pipeline-1__ridge__alpha,pipeline__pipeline-1__ridge__fit_intercept,pipeline__pipeline-1__ridge__normalize,pipeline__pipeline-1__ridge__solver,pipeline__pipeline-1__ridge__tol,pipeline__pipeline-1__xgbregressor__base_score,pipeline__pipeline-1__xgbregressor__booster,pipeline__pipeline-1__xgbregressor__colsample_bylevel,pipeline__pipeline-1__xgbregressor__colsample_bynode,pipeline__pipeline-1__xgbregressor__colsample_bytree,pipeline__pipeline-1__xgbregressor__gamma,pipeline__pipeline-1__xgbregressor__importance_type,pipeline__pipeline-1__xgbregressor__learning_rate,pipeline__pipeline-1__xgbregressor__max_delta_step,pipeline__pipeline-1__xgbregressor__max_depth,pipeline__pipeline-1__xgbregressor__min_child_weight,pipeline__pipeline-1__xgbregressor__n_estimators,pipeline__pipeline-1__xgbregressor__objective,pipeline__pipeline-1__xgbregressor__reg_alpha,pipeline__pipeline-1__xgbregressor__reg_lambda,pipeline__pipeline-1__xgbregressor__scale_pos_weight,pipeline__pipeline-1__xgbregressor__subsample,pipeline__pipeline-2__eloregressor__home_ground_advantage,pipeline__pipeline-2__eloregressor__k,pipeline__pipeline-2__eloregressor__m,pipeline__pipeline-2__eloregressor__s,pipeline__pipeline-2__eloregressor__season_carryover,pipeline__pipeline-2__eloregressor__x,pipeline__use_features_in_secondary,pipeline__xgbregressor__base_score,pipeline__xgbregressor__booster,pipeline__xgbregressor__colsample_bylevel,pipeline__xgbregressor__colsample_bynode,pipeline__xgbregressor__colsample_bytree,pipeline__xgbregressor__gamma,pipeline__xgbregressor__importance_type,pipeline__xgbregressor__learning_rate,pipeline__xgbregressor__max_delta_step,pipeline__xgbregressor__max_depth,pipeline__xgbregressor__min_child_weight,pipeline__xgbregressor__n_estimators,pipeline__xgbregressor__objective,pipeline__xgbregressor__reg_alpha,pipeline__xgbregressor__reg_lambda,pipeline__xgbregressor__scale_pos_weight,pipeline__xgbregressor__subsample,pipeline__xgbregressor_meta__base_score,pipeline__xgbregressor_meta__booster,pipeline__xgbregressor_meta__colsample_bylevel,pipeline__xgbregressor_meta__colsample_bynode,pipeline__xgbregressor_meta__colsample_bytree,pipeline__xgbregressor_meta__gamma,pipeline__xgbregressor_meta__importance_type,pipeline__xgbregressor_meta__learning_rate,pipeline__xgbregressor_meta__max_delta_step,pipeline__xgbregressor_meta__max_depth,pipeline__xgbregressor_meta__min_child_weight,pipeline__xgbregressor_meta__n_estimators,pipeline__xgbregressor_meta__objective,pipeline__xgbregressor_meta__reg_alpha,pipeline__xgbregressor_meta__reg_lambda,pipeline__xgbregressor_meta__scale_pos_weight,pipeline__xgbregressor_meta__subsample,pipeline__xgbregressor_sub__base_score,pipeline__xgbregressor_sub__booster,pipeline__xgbregressor_sub__colsample_bylevel,pipeline__xgbregressor_sub__colsample_bynode,pipeline__xgbregressor_sub__colsample_bytree,pipeline__xgbregressor_sub__gamma,pipeline__xgbregressor_sub__importance_type,pipeline__xgbregressor_sub__learning_rate,pipeline__xgbregressor_sub__max_delta_step,pipeline__xgbregressor_sub__max_depth,pipeline__xgbregressor_sub__min_child_weight,pipeline__xgbregressor_sub__n_estimators,pipeline__xgbregressor_sub__objective,pipeline__xgbregressor_sub__reg_alpha,pipeline__xgbregressor_sub__reg_lambda,pipeline__xgbregressor_sub__scale_pos_weight,pipeline__xgbregressor_sub__subsample,fit_time,match_accuracy,mean_absolute_error,score_time
94bf50e160d34da2a06658c217e62048,,LOCAL,/usr/local/lib/python3.7/site-packages/ipykernel_launcher.py,root,FINISHED,,base_extratreesregressor_meta_extratrees_regressor,,,,,,,,,,,,,,,,,,1965,stacking_estimator,,,,,,,,,,,,,,,,,,,,,,,,,,,,,,,,,,False,0.0,mse,auto,0.0,1,2,0.0,100,False,False,,,,,,,,,,,,,,,,,,,,,,,,,,,,,,,,,,,,,,,,,,,,,,,,,,,,,,,,,,,,,,,,,,,,,,,,,,,,,False,0.0,mse,auto,0.0,1,2,0.0,100,False,False,,,,,,,,,,,,,,,,,,,,,,,,,,,,,,,,,,,,,,,,,,,,,,,,,,,,,,,,,,,,,,,,,,,,,,,,,,,9,35.6,130,250,0.575,0.49,False,,,,,,,,,,,,,,,,,,,,,,,,,,,,,,,,,,,,,,,,,,,,,,,,,,,,126.98563027381897,0.7272829604615169,28.089468833544394,0.41227993965148924
4d7bc0d77d36433abff0c41d578f54e0,,LOCAL,/usr/local/lib/python3.7/site-packages/ipykernel_launcher.py,root,FINISHED,,base_extratreesregressor_meta_gradientboostingregressor,,,,,,,,,,,,,,,,,,1965,stacking_estimator,,,,,,,,,,,,,,,,,,,,,,,,,,,,,,,,,,,,,,,,,,,,,0.9,0.0,friedman_mse,0.1,ls,3,0.0,1,2,0.0,100,deprecated,1.0,0.0001,0.1,False,,,,,,,,,,,,,,,,,,,,,,,,,,,,,,,,,,,,,,,,,,,,,,,,,,,,,,,,,,,,,False,0.0,mse,auto,0.0,1,2,0.0,100,False,False,,,,,,,,,,,,,,,,,,,,,,,,,,,,,,,,,,,,,,,,,,,,,,,,,,,,,,,,,,,,,,,,,,,,,,,,,,,9,35.6,130,250,0.575,0.49,False,,,,,,,,,,,,,,,,,,,,,,,,,,,,,,,,,,,,,,,,,,,,,,,,,,,,126.87217755317688,0.7263167768866376,28.090121079477296,0.3653691291809082
b72c9c3faec64bffbb85ba1c41c54ed8,,LOCAL,/usr/local/lib/python3.7/site-packages/ipykernel_launcher.py,root,FINISHED,,base_extratreesregressor_meta_extratreesregressor,,,,,,,,,,,,,,,,,,1965,stacking_estimator,,,,,,,,,,,,,,,,,,,,,,,,,,,,,,,,RMSE,42,,,,,,,,,,,,,,,,,,,,,,,,,,,,,,,,,,,,,,,,,,,,,,,,,,,,,,,,,,,,,,,,,,,,,,,,,,,,,,,,,,,,,,,,False,0.0,mse,auto,0.0,1,2,0.0,100,False,False,,,,,,,,,,,,,,,,,,,,,,,,,,,,,,,,,,,,,,,,,,,,,,,,,,,,,,,,,,,,,,,,,,,,,,,,,,,9,35.6,130,250,0.575,0.49,False,,,,,,,,,,,,,,,,,,,,,,,,,,,,,,,,,,,,,,,,,,,,,,,,,,,,143.22064924240112,0.7263167768866376,28.082575698523634,0.420581579208374
dfbaa1814b274b298e3431d6936b099f,,LOCAL,/usr/local/lib/python3.7/site-packages/ipykernel_launcher.py,root,FINISHED,,base_extratreesregressor_meta_xgbregressor,,,,,,,,,,,,,,,,,,1965,stacking_estimator,,,,,,,,,,,,,,,,,,,,,,,,,,,,,,,,,,,,,,,,,,,,,,,,,,,,,,,,,,,,,,,,,,,,,,,,,,,,,,,,,,,,,,,,,,,,,,,,,,,,,,0.5,gbtree,1,1,1,0,gain,0.1,0,3,1,100,reg:squarederror,0,1,1,1,,,False,0.0,mse,auto,0.0,1,2,0.0,100,False,False,,,,,,,,,,,,,,,,,,,,,,,,,,,,,,,,,,,,,,,,,,,,,,,,,,,,,,,,,,,,,,,,,,,,,,,,,,,9,35.6,130,250,0.575,0.49,False,,,,,,,,,,,,,,,,,,,,,,,,,,,,,,,,,,,,,,,,,,,,,,,,,,,,131.68073239326478,0.7263167768866376,28.083603396035677,0.35181074142456054
e68e59e138f247d19508150ab1a17cb7,,LOCAL,/usr/local/lib/python3.7/site-packages/ipykernel_launcher.py,root,FINISHED,,base_gradientboostingregressor_meta_extratreesregressor,,,,,,,,,,,,,,,,,,1965,stacking_estimator,,,,,,,,,,,,,,,,,,,,,,,,,,,,,,,,,,False,0.0,mse,auto,0.0,1,2,0.0,100,False,False,,,,,,,,,,,,,,,,,,,,,,,,,,,,,,,,,,,,,,,,,,,,,,,,,,,,,,,,,,,,,,,,,,,,,,,,,,,,,,,,,,,,,,,,0.9,0.0,friedman_mse,0.1,ls,3,0.0,1,2,0.0,100,deprecated,1.0,0.0001,0.1,False,,,,,,,,,,,,,,,,,,,,,,,,,,,,,,,,,,,,,,,,,,,,,,,,,,,,,,,,,,,9,35.6,130,250,0.575,0.49,False,,,,,,,,,,,,,,,,,,,,,,,,,,,,,,,,,,,,,,,,,,,,,,,,,,,,110.97540793418884,0.6885980957741193,33.64311941278552,0.38347768783569336
a0a78ec4c44a4c30801be40c41224bf3,,LOCAL,/usr/local/lib/python3.7/site-packages/ipykernel_launcher.py,root,FINISHED,,base_gradientboostingregressor_meta_gradient_boosting_regressor,,,,,,,,,,,,,,,,,,1965,stacking_estimator,,,,,,,,,,,,,,,,,,,,,,,,,,,,,,,,,,,,,,,,,,,,,0.9,0.0,friedman_mse,0.1,ls,3,0.0,1,2,0.0,100,deprecated,1.0,0.0001,0.1,False,,,,,,,,,,,,,,,,,,,,,,,,,,,,,,,,,,,,,,,,,,,,,,,,,,,,,,,,,,,,,,,,,,,,,,,,0.9,0.0,friedman_mse,0.1,ls,3,0.0,1,2,0.0,100,deprecated,1.0,0.0001,0.1,False,,,,,,,,,,,,,,,,,,,,,,,,,,,,,,,,,,,,,,,,,,,,,,,,,,,,,,,,,,,9,35.6,130,250,0.575,0.49,False,,,,,,,,,,,,,,,,,,,,,,,,,,,,,,,,,,,,,,,,,,,,,,,,,,,,97.34329657554626,0.7098541344214624,28.93969177954846,0.30892624855041506
994d4c0448be44caabf00180ba314a72,,LOCAL,/usr/local/lib/python3.7/site-packages/ipykernel_launcher.py,root,FINISHED,,base_gradientboostingregressor_meta_catboostregressor,,,,,,,,,,,,,,,,,,1965,stacking_estimator,,,,,,,,,,,,,,,,,,,,,,,,,,,,,,,,RMSE,42,,,,,,,,,,,,,,,,,,,,,,,,,,,,,,,,,,,,,,,,,,,,,,,,,,,,,,,,,,,,,,,,,,,,,,,,,,,,,,,,,,,,,,,,,,,,,,,,,,,0.9,0.0,friedman_mse,0.1,ls,3,0.0,1,2,0.0,100,deprecated,1.0,0.0001,0.1,False,,,,,,,,,,,,,,,,,,,,,,,,,,,,,,,,,,,,,,,,,,,,,,,,,,,,,,,,,,,9,35.6,130,250,0.575,0.49,False,,,,,,,,,,,,,,,,,,,,,,,,,,,,,,,,,,,,,,,,,,,,,,,,,,,,122.34367237091064,0.7117865015712208,29.256300271787637,0.3953053951263428
c8362755c00b423d9700cdcb7d70ea76,,LOCAL,/usr/local/lib/python3.7/site-packages/ipykernel_launcher.py,root,FINISHED,,base_gradientboostingregressor_meta_xgbregressor,,,,,,,,,,,,,,,,,,1965,stacking_estimator,,,,,,,,,,,,,,,,,,,,,,,,,,,,,,,,,,,,,,,,,,,,,,,,,,,,,,,,,,,,,,,,,,,,,,,,,,,,,,,,,,,,,,,,,,,,,,,,,,,,,,0.5,gbtree,1,1,1,0,gain,0.1,0,3,1,100,reg:squarederror,0,1,1,1,,,,,,,,,,,,,,0.9,0.0,friedman_mse,0.1,ls,3,0.0,1,2,0.0,100,deprecated,1.0,0.0001,0.1,False,,,,,,,,,,,,,,,,,,,,,,,,,,,,,,,,,,,,,,,,,,,,,,,,,,,,,,,,,,,9,35.6,130,250,0.575,0.49,False,,,,,,,,,,,,,,,,,,,,,,,,,,,,,,,,,,,,,,,,,,,,,,,,,,,,107.58695974349976,0.7098541344214624,28.91782889900791,0.28593978881835935
fb51a1d18a7a45829fb625f6da86c552,,LOCAL,/usr/local/lib/python3.7/site-packages/ipykernel_launcher.py,root,FINISHED,,base_catboostregressor_meta_extratreesregressor,,,,,,,,,,,,,,,,,,1965,stacking_estimator,,,,,,,,,,,,,,,,,,,,,,,,,,,,,,,,,,False,0.0,mse,auto,0.0,1,2,0.0,100,False,False,,,,,,,,,,,,,,,,,,,,,,,,,,,,,,,,,,,,,,,,,,,,,,,,,,,,,,,,,,,,,,,,,,,,,,,,,,,RMSE,42,,,,,,,,,,,,,,,,,,,,,,,,,,,,,,,,,,,,,,,,,,,,,,,,,,,,,,,,,,,,,,,,,,,,,,,,,,,,,,,,,,,,,,9,35.6,130,250,0.575,0.49,False,,,,,,,,,,,,,,,,,,,,,,,,,,,,,,,,,,,,,,,,,,,,,,,,,,,,94.83447914123535,0.6876084611415976,34.85050719947469,0.403645658493042
ba9dd84b4f3c4ee9945af7439039d2d8,,LOCAL,/usr/local/lib/python3.7/site-packages/ipykernel_launcher.py,root,FINISHED,,base_catboostregressor_meta_gradientboostingregressor,,,,,,,,,,,,,,,,,,1965,stacking_estimator,,,,,,,,,,,,,,,,,,,,,,,,,,,,,,,,,,,,,,,,,,,,,0.9,0.0,friedman_mse,0.1,ls,3,0.0,1,2,0.0,100,deprecated,1.0,0.0001,0.1,False,,,,,,,,,,,,,,,,,,,,,,,,,,,,,,,,,,,,,,,,,,,,,,,,,,,,,,,,,,,RMSE,42,,,,,,,,,,,,,,,,,,,,,,,,,,,,,,,,,,,,,,,,,,,,,,,,,,,,,,,,,,,,,,,,,,,,,,,,,,,,,,,,,,,,,,9,35.6,130,250,0.575,0.49,False,,,,,,,,,,,,,,,,,,,,,,,,,,,,,,,,,,,,,,,,,,,,,,,,,,,,94.53794884681702,0.7098541344214625,30.40857977828466,0.3501424789428711
fdcb477a68f24f69aed5c65e8e280097,,LOCAL,/usr/local/lib/python3.7/site-packages/ipykernel_launcher.py,root,FINISHED,,base_catboostregressor_meta_catboostregressor,,,,,,,,,,,,,,,,,,1965,stacking_estimator,,,,,,,,,,,,,,,,,,,,,,,,,,,,,,,,RMSE,42,,,,,,,,,,,,,,,,,,,,,,,,,,,,,,,,,,,,,,,,,,,,,,,,,,,,,,,,,,,,,,,,,,,,,,,,,,,,,,,,,,,,,,RMSE,42,,,,,,,,,,,,,,,,,,,,,,,,,,,,,,,,,,,,,,,,,,,,,,,,,,,,,,,,,,,,,,,,,,,,,,,,,,,,,,,,,,,,,,9,35.6,130,250,0.575,0.49,False,,,,,,,,,,,,,,,,,,,,,,,,,,,,,,,,,,,,,,,,,,,,,,,,,,,,104.12180542945862,0.7137188687209794,30.854879130439407,0.7183597087860107
427f187b11aa4683a7c86471827f52e2,,LOCAL,/usr/local/lib/python3.7/site-packages/ipykernel_launcher.py,root,FINISHED,,base_catboostregressor_meta_xgbregressor,,,,,,,,,,,,,,,,,,1965,stacking_estimator,,,,,,,,,,,,,,,,,,,,,,,,,,,,,,,,,,,,,,,,,,,,,,,,,,,,,,,,,,,,,,,,,,,,,,,,,,,,,,,,,,,,,,,,,,,,,,,,,,,,,,0.5,gbtree,1,1,1,0,gain,0.1,0,3,1,100,reg:squarederror,0,1,1,1,RMSE,42,,,,,,,,,,,,,,,,,,,,,,,,,,,,,,,,,,,,,,,,,,,,,,,,,,,,,,,,,,,,,,,,,,,,,,,,,,,,,,,,,,,,,,9,35.6,130,250,0.575,0.49,False,,,,,,,,,,,,,,,,,,,,,,,,,,,,,,,,,,,,,,,,,,,,,,,,,,,,92.07296514511108,0.7108203179963417,30.422975356346114,0.35083913803100586
29d4089b210443c48b8861f977688eec,,LOCAL,/usr/local/lib/python3.7/site-packages/ipykernel_launcher.py,root,FINISHED,,base_xgbregressor_meta_extratreesregressor,,,,,,,,,,,,,,,,,,1965,stacking_estimator,,,,,,,,,,,,,,,,,,,,,,,,,,,,,,,,,,False,0.0,mse,auto,0.0,1,2,0.0,100,False,False,,,,,,,,,,,,,,,,,,,,,,,,,,,,,,,,,,,,,,,,,,,,,,,,,,,,,,,,,,,,,,,,,,,,,,,,,,,,,,,,,,,,,,,,,,,,,,,,,,,,,,,,,,,,,,,,,,,,,,,,,,,,,,,,,,,,,,,,,,,,,,,,,0.5,gbtree,1,1,1,0,gain,0.1,0,3,1,100,reg:squarederror,0,1,1,1,9,35.6,130,250,0.575,0.49,False,,,,,,,,,,,,,,,,,,,,,,,,,,,,,,,,,,,,,,,,,,,,,,,,,,,,21.791886377334595,0.6866797992589466,33.848732540687585,0.36711549758911133
043947daf4814f7588eaca9ff5490d3c,,LOCAL,/usr/local/lib/python3.7/site-packages/ipykernel_launcher.py,root,FINISHED,,base_xgbregressor_meta_gradientboostingregressor,,,,,,,,,,,,,,,,,,1965,stacking_estimator,,,,,,,,,,,,,,,,,,,,,,,,,,,,,,,,,,,,,,,,,,,,,0.9,0.0,friedman_mse,0.1,ls,3,0.0,1,2,0.0,100,deprecated,1.0,0.0001,0.1,False,,,,,,,,,,,,,,,,,,,,,,,,,,,,,,,,,,,,,,,,,,,,,,,,,,,,,,,,,,,,,,,,,,,,,,,,,,,,,,,,,,,,,,,,,,,,,,,,,,,,,,,,,,,,,,,,,,,,,,,,,,,,,,,,,0.5,gbtree,1,1,1,0,gain,0.1,0,3,1,100,reg:squarederror,0,1,1,1,9,35.6,130,250,0.575,0.49,False,,,,,,,,,,,,,,,,,,,,,,,,,,,,,,,,,,,,,,,,,,,,,,,,,,,,20.787310695648195,0.7214764785891844,28.881829378999033,0.267811918258667
e5769a30c3ca46f7b2d627bbc2ca0a52,,LOCAL,/usr/local/lib/python3.7/site-packages/ipykernel_launcher.py,root,FINISHED,,base_xgbregressor_meta_catboostregressor,,,,,,,,,,,,,,,,,,1965,stacking_estimator,,,,,,,,,,,,,,,,,,,,,,,,,,,,,,,,RMSE,42,,,,,,,,,,,,,,,,,,,,,,,,,,,,,,,,,,,,,,,,,,,,,,,,,,,,,,,,,,,,,,,,,,,,,,,,,,,,,,,,,,,,,,,,,,,,,,,,,,,,,,,,,,,,,,,,,,,,,,,,,,,,,,,,,,,,,,,,,,,,,,,,,,,,,,,,,,,,0.5,gbtree,1,1,1,0,gain,0.1,0,3,1,100,reg:squarederror,0,1,1,1,9,35.6,130,250,0.575,0.49,False,,,,,,,,,,,,,,,,,,,,,,,,,,,,,,,,,,,,,,,,,,,,,,,,,,,,31.751085805892945,0.7195441114394259,29.07437032120355,0.4750908374786377
05e3f5b933294bab989509ca13bd7bc4,,LOCAL,/usr/local/lib/python3.7/site-packages/ipykernel_launcher.py,root,FINISHED,,base_xgbregressor_meta_xgbregressor,,,,,,,,,,,,,,,,,,1965,stacking_estimator,,,,,,,,,,,,,,,,,,,,,,,,,,,,,,,,,,,,,,,,,,,,,,,,,,,,,,,,,,,,,,,,,,,,,,,,,,,,,,,,,,,,,,,,,,,,,,,,,,,,,,0.5,gbtree,1,1,1,0,gain,0.1,0,3,1,100,reg:squarederror,0,1,1,1,,,,,,,,,,,,,,,,,,,,,,,,,,,,,,,,,,,,,,,,,,,,,,,,,,,,,,,,,,,,,,,,,,,,,,,0.5,gbtree,1,1,1,0,gain,0.1,0,3,1,100,reg:squarederror,0,1,1,1,9,35.6,130,250,0.575,0.49,False,,,,,,,,,,,,,,,,,,,,,,,,,,,,,,,,,,,,,,,,,,,,,,,,,,,,20.5295298576355,0.7185779278645467,28.923749136958428,0.2586518287658691
c50b976c376640a0a2f03e5201e1715f,,LOCAL,/usr/local/lib/python3.7/site-packages/ipykernel_launcher.py,root,FINISHED,,base_xgbregressor_meta_kneighborsregressor,,,,,,,,,,,,,,,,,,1965,stacking_estimator,,,,,,,,,,,,,,,,,,,,,,,,,,,,,,,,,,,,,,,,,,,,,,,,,,,,,,,,,,,,,,,,,,,,,,,auto,30,minkowski,5,2,uniform,,,,,,,,,,,,,,,,,,,,,,,,,,,,,,,,,,,,,,,,,,,,,,,,,,,,,,,,,,,,,,,,,,,,,,,,,,,,,,,,,,,,,,,,,,,,,,,,,,,,,,,,,,,,,,,,,0.5,gbtree,1,1,1,0,gain,0.1,0,3,1,100,reg:squarederror,0,1,1,1,9,35.6,130,250,0.575,0.49,False,,,,,,,,,,,,,,,,,,,,,,,,,,,,,,,,,,,,,,,,,,,,,,,,,,,,19.730815172195435,0.6934290136485155,31.588067632850244,0.2815870761871338
e0af9ce1f51043f0b825ef16a79fe33a,,LOCAL,/usr/local/lib/python3.7/site-packages/ipykernel_launcher.py,root,FINISHED,,base_xgbregressor_meta_orthogonalmatchingpursuit,,,,,,,,,,,,,,,,,,1965,stacking_estimator,,,,,,,,,,,,,,,,,,,,,,,,,,,,,,,,,,,,,,,,,,,,,,,,,,,,,,,,,,,,,,,,,,,,,,,,,,,,,,,,,,,,,,,,,,,,,,True,True,auto,,,,,,,,,,,,,,,,,,,,,,,,,,,,,,,,,,,,,,,,,,,,,,,,,,,,,,,,,,,,,,,,,,,,,,,,,,,,,,,,,,,,,,,,,,,,,0.5,gbtree,1,1,1,0,gain,0.1,0,3,1,100,reg:squarederror,0,1,1,1,9,35.6,130,250,0.575,0.49,False,,,,,,,,,,,,,,,,,,,,,,,,,,,,,,,,,,,,,,,,,,,,,,,,,,,,19.961477327346802,0.717616434501196,28.719599460618365,0.29828968048095705
569cb377ba684015acf2fd4e4cceac15,,LOCAL,/usr/local/lib/python3.7/site-packages/ipykernel_launcher.py,root,FINISHED,,base_xgbregressor_meta_lasso,,,,,,,,,,,,,,,,,,1965,stacking_estimator,,,,,,,,,,,,,,,,,,,,,,,,,,,,,,,,,,,,,,,,,,,,,,,,,,,,,,,,,,,,,,,,,,,,,,,,,,,,,1.0,True,1000,False,False,False,cyclic,0.0001,False,,,,,,,,,,,,,,,,,,,,,,,,,,,,,,,,,,,,,,,,,,,,,,,,,,,,,,,,,,,,,,,,,,,,,,,,,,,,,,,,,,,,,,,,,,,,,,,,,,,,,,,,0.5,gbtree,1,1,1,0,gain,0.1,0,3,1,100,reg:squarederror,0,1,1,1,9,35.6,130,250,0.575,0.49,False,,,,,,,,,,,,,,,,,,,,,,,,,,,,,,,,,,,,,,,,,,,,,,,,,,,,20.866505002975465,0.717616434501196,28.538198853018734,0.3112915515899658
c9ba2189d8d24df18dc8fc1885f5a324,,LOCAL,/usr/local/lib/python3.7/site-packages/ipykernel_launcher.py,root,FINISHED,,base_xgbregressor_meta_ridge,,,,,,,,,,,,,,,,,,1965,stacking_estimator,,,,,,,,,,,,,,,,,,,,,,,,,,,,,,,,,,,,,,,,,,,,,,,,,,,,,,,,,,,,,,,,,,,,,,,,,,,,,,,,,,,,,,,,,,,,,,,,,1.0,True,False,auto,0.001,,,,,,,,,,,,,,,,,,,,,,,,,,,,,,,,,,,,,,,,,,,,,,,,,,,,,,,,,,,,,,,,,,,,,,,,,,,,,,,,,,,,,,,,0.5,gbtree,1,1,1,0,gain,0.1,0,3,1,100,reg:squarederror,0,1,1,1,9,35.6,130,250,0.575,0.49,False,,,,,,,,,,,,,,,,,,,,,,,,,,,,,,,,,,,,,,,,,,,,,,,,,,,,23.2120322227478,0.7185826180760753,28.781776374718948,0.43728861808776853
256df5be97184b789d942ea4e4e240e8,,LOCAL,/usr/local/lib/python3.7/site-packages/ipykernel_launcher.py,root,FINISHED,,base_xgbregressor_meta_linearsvr,,,,,,,,,,,,,,,,,,1965,stacking_estimator,,,,,,,,,,,,,,,,,,,,,,,,,,,,,,,,,,,,,,,,,,,,,,,,,,,,,,,,,,,,,,,,,,,,,,,,,,,,,,,,,,,,,,1.0,True,0.0,True,1.0,epsilon_insensitive,1000,0.0001,,,,,,,,,,,,,,,,,,,,,,,,,,,,,,,,,,,,,,,,,,,,,,,,,,,,,,,,,,,,,,,,,,,,,,,,,,,,,,,,,,,,,,,,,,,,,,,,0.5,gbtree,1,1,1,0,gain,0.1,0,3,1,100,reg:squarederror,0,1,1,1,9,35.6,130,250,0.575,0.49,False,,,,,,,,,,,,,,,,,,,,,,,,,,,,,,,,,,,,,,,,,,,,,,,,,,,,21.5039222240448,0.721481168800713,28.648196165757962,0.30077276229858396
1e3042125f7f424ba2f5d6fd493f3c51,,LOCAL,/usr/local/lib/python3.7/site-packages/ipykernel_launcher.py,root,FINISHED,,base_xgbregressor_meta_extratreesregressor,,,,,,,,,,,,,,,,,,1965,stacking_estimator,,,,,,,,,,,,,,,,,,,,,,,,,,,,,,,,,,False,0.0,mse,auto,0.0,1,2,0.0,100,False,False,,,,,,,,,,,,,,,,,,,,,,,,,,,,,,,,,,,,,,,,,,,,,,,,,,,,,,,,,,,,,,,,,,,,,,,,,,,,,,,,,,,,,,,,,,,,,,,,,,,,,,,,,,,,,,,,,,,,,,,,,,,,,,,,,,,,,,,,,,,,,,,,,0.5,gbtree,1,1,1,0,gain,0.1,0,3,1,100,reg:squarederror,0,1,1,1,9,35.6,130,250,0.575,0.49,False,,,,,,,,,,,,,,,,,,,,,,,,,,,,,,,,,,,,,,,,,,,,,,,,,,,,24.097819566726685,0.6866797992589466,33.848732540687585,0.43508424758911135
1b4571a98cc24c77ae11554f5c17e2ae,,LOCAL,/usr/local/lib/python3.7/site-packages/ipykernel_launcher.py,root,FINISHED,,base_xgbregressor_meta_histgradientboostingregressor,,,,,,,,,,,,,,,,,,1965,stacking_estimator,,,,,,,,,,,,,,,,,,,,,,,,,,,,,,,,,,,,,,,,,,,,,,,,,,,,,,,,,,,,,0.0,0.1,least_squares,255,100,31,20,1e-07,0.1,False,,,,,,,,,,,,,,,,,,,,,,,,,,,,,,,,,,,,,,,,,,,,,,,,,,,,,,,,,,,,,,,,,,,,,,,,,,,,,,,,,,,,,,,,,,,,,,,,,,,,,,,,,,,,,,,,,,,,,,,0.5,gbtree,1,1,1,0,gain,0.1,0,3,1,100,reg:squarederror,0,1,1,1,9,35.6,130,250,0.575,0.49,False,,,,,,,,,,,,,,,,,,,,,,,,,,,,,,,,,,,,,,,,,,,,,,,,,,,,24.076950979232787,0.7234041555274142,29.19581579185222,0.4009889602661133
fa9c0f94ad12404bad0d9c44ebef4b97,,LOCAL,/usr/local/lib/python3.7/site-packages/ipykernel_launcher.py,root,FINISHED,,base_xgbregressor_meta_gradientboostingregressor,,,,,,,,,,,,,,,,,,1965,stacking_estimator,,,,,,,,,,,,,,,,,,,,,,,,,,,,,,,,,,,,,,,,,,,,,0.9,0.0,friedman_mse,0.1,ls,3,0.0,1,2,0.0,100,deprecated,1.0,0.0001,0.1,False,,,,,,,,,,,,,,,,,,,,,,,,,,,,,,,,,,,,,,,,,,,,,,,,,,,,,,,,,,,,,,,,,,,,,,,,,,,,,,,,,,,,,,,,,,,,,,,,,,,,,,,,,,,,,,,,,,,,,,,,,,,,,,,,,0.5,gbtree,1,1,1,0,gain,0.1,0,3,1,100,reg:squarederror,0,1,1,1,9,35.6,130,250,0.575,0.49,False,,,,,,,,,,,,,,,,,,,,,,,,,,,,,,,,,,,,,,,,,,,,,,,,,,,,24.716743326187135,0.7214764785891844,28.881829378999033,0.33283190727233886
72d69da85c084ec4831004a21edc9d72,,LOCAL,/usr/local/lib/python3.7/site-packages/ipykernel_launcher.py,root,FINISHED,,base_xgbregressor_meta_catboostregressor,,,,,,,,,,,,,,,,,,1965,stacking_estimator,,,,,,,,,,,,,,,,,,,,,,,,,,,,,,,,RMSE,42,,,,,,,,,,,,,,,,,,,,,,,,,,,,,,,,,,,,,,,,,,,,,,,,,,,,,,,,,,,,,,,,,,,,,,,,,,,,,,,,,,,,,,,,,,,,,,,,,,,,,,,,,,,,,,,,,,,,,,,,,,,,,,,,,,,,,,,,,,,,,,,,,,,,,,,,,,,,0.5,gbtree,1,1,1,0,gain,0.1,0,3,1,100,reg:squarederror,0,1,1,1,9,35.6,130,250,0.575,0.49,False,,,,,,,,,,,,,,,,,,,,,,,,,,,,,,,,,,,,,,,,,,,,,,,,,,,,33.238127899169925,0.7195441114394259,29.07437032120355,0.6196915626525878
8272d4b829da4bff8db587749086fd72,,LOCAL,/usr/local/lib/python3.7/site-packages/ipykernel_launcher.py,root,FINISHED,,base_kneighborsregressor_meta_xgbregressor,,,,,,,,,,,,,,,,,,1965,stacking_estimator,,,,,,,,,,,,,,,,,,,,,,,,,,,,,,,,,,,,,,,,,,,,,,,,,,,,,,,,,,,,,,,,,,,,,,,,,,,,,,,,,,,,,,,,,,,,,,,,,,,,,,0.5,gbtree,1,1,1,0,gain,0.1,0,3,1,100,reg:squarederror,0,1,1,1,,,,,,,,,,,,,,,,,,,,,,,,,,,,,,,,,,,,,,,,auto,30,minkowski,5,2,uniform,,,,,,,,,,,,,,,,,,,,,,,,,,,,,,,,,,,,,,,,,,,9,35.6,130,250,0.575,0.49,False,,,,,,,,,,,,,,,,,,,,,,,,,,,,,,,,,,,,,,,,,,,,,,,,,,,,193.53695044517517,0.6905257727123493,31.34426629326814,7.617971134185791
b21b0ec6ae3647f099ba917932dd1041,,LOCAL,/usr/local/lib/python3.7/site-packages/ipykernel_launcher.py,root,FINISHED,,base_orthogonalmatchingpursuit_meta_xgbregressor,,,,,,,,,,,,,,,,,,1965,stacking_estimator,,,,,,,,,,,,,,,,,,,,,,,,,,,,,,,,,,,,,,,,,,,,,,,,,,,,,,,,,,,,,,,,,,,,,,,,,,,,,,,,,,,,,,,,,,,,,,,,,,,,,,0.5,gbtree,1,1,1,0,gain,0.1,0,3,1,100,reg:squarederror,0,1,1,1,,,,,,,,,,,,,,,,,,,,,,,,,,,,,,,,,,,,,,,,,,,,,,,,,,,,,,,,,,,,,,,True,True,auto,,,,,,,,,,,,,,,,,,,,,,,9,35.6,130,250,0.575,0.49,False,,,,,,,,,,,,,,,,,,,,,,,,,,,,,,,,,,,,,,,,,,,,,,,,,,,,4.265382242202759,0.7069790347544674,28.75161509726026,0.26473274230957033
c1718ae5b7ba4d1485badcfe73f8ed14,,LOCAL,/usr/local/lib/python3.7/site-packages/ipykernel_launcher.py,root,FINISHED,,base_lasso_meta_xgbregressor,,,,,,,,,,,,,,,,,,1965,stacking_estimator,,,,,,,,,,,,,,,,,,,,,,,,,,,,,,,,,,,,,,,,,,,,,,,,,,,,,,,,,,,,,,,,,,,,,,,,,,,,,,,,,,,,,,,,,,,,,,,,,,,,,,0.5,gbtree,1,1,1,0,gain,0.1,0,3,1,100,reg:squarederror,0,1,1,1,,,,,,,,,,,,,,,,,,,,,,,,,,,,,,,,,,,,,,,,,,,,,,1.0,True,1000,False,False,False,cyclic,0.0001,False,,,,,,,,,,,,,,,,,,,,,,,,,,,,,,,,,,9,35.6,130,250,0.575,0.49,False,,,,,,,,,,,,,,,,,,,,,,,,,,,,,,,,,,,,,,,,,,,,,,,,,,,,5.012112760543824,0.7031002298203649,28.779839169714847,0.2724407196044922
114617c9b3964340ad9a1440ec142338,,LOCAL,/usr/local/lib/python3.7/site-packages/ipykernel_launcher.py,root,FINISHED,,base_ridge_meta_xgbregressor,,,,,,,,,,,,,,,,,,1965,stacking_estimator,,,,,,,,,,,,,,,,,,,,,,,,,,,,,,,,,,,,,,,,,,,,,,,,,,,,,,,,,,,,,,,,,,,,,,,,,,,,,,,,,,,,,,,,,,,,,,,,,,,,,,0.5,gbtree,1,1,1,0,gain,0.1,0,3,1,100,reg:squarederror,0,1,1,1,,,,,,,,,,,,,,,,,,,,,,,,,,,,,,,,,,,,,,,,,,,,,,,,,,,,,,,,,,,,,,,,,,1.0,True,False,auto,0.001,,,,,,,,,,,,,,,,,,9,35.6,130,250,0.575,0.49,False,,,,,,,,,,,,,,,,,,,,,,,,,,,,,,,,,,,,,,,,,,,,,,,,,,,,4.245114517211914,0.6924581398621078,29.013066703279897,0.2606447696685791
33b57debaffb4a55a8a7fe51968db23d,,LOCAL,/usr/local/lib/python3.7/site-packages/ipykernel_launcher.py,root,FINISHED,,base_linearsvr_meta_xgbregressor,,,,,,,,,,,,,,,,,,1965,stacking_estimator,,,,,,,,,,,,,,,,,,,,,,,,,,,,,,,,,,,,,,,,,,,,,,,,,,,,,,,,,,,,,,,,,,,,,,,,,,,,,,,,,,,,,,,,,,,,,,,,,,,,,,0.5,gbtree,1,1,1,0,gain,0.1,0,3,1,100,reg:squarederror,0,1,1,1,,,,,,,,,,,,,,,,,,,,,,,,,,,,,,,,,,,,,,,,,,,,,,,,,,,,,,,1.0,True,0.0,True,1.0,epsilon_insensitive,1000,0.0001,,,,,,,,,,,,,,,,,,,,,,,,,,9,35.6,130,250,0.575,0.49,False,,,,,,,,,,,,,,,,,,,,,,,,,,,,,,,,,,,,,,,,,,,,,,,,,,,,6.439385223388672,0.6924534496505793,29.091056170217303,0.28729662895202634
cff3d4f206d64870a5fbd79fd2d784d4,,LOCAL,/usr/local/lib/python3.7/site-packages/ipykernel_launcher.py,root,FINISHED,,base_extratreesregressor_meta_xgbregressor,,,,,,,,,,,,,,,,,,1965,stacking_estimator,,,,,,,,,,,,,,,,,,,,,,,,,,,,,,,,,,,,,,,,,,,,,,,,,,,,,,,,,,,,,,,,,,,,,,,,,,,,,,,,,,,,,,,,,,,,,,,,,,,,,,0.5,gbtree,1,1,1,0,gain,0.1,0,3,1,100,reg:squarederror,0,1,1,1,,,False,0.0,mse,auto,0.0,1,2,0.0,100,False,False,,,,,,,,,,,,,,,,,,,,,,,,,,,,,,,,,,,,,,,,,,,,,,,,,,,,,,,,,,,,,,,,,,,,,,,,,,,9,35.6,130,250,0.575,0.49,False,,,,,,,,,,,,,,,,,,,,,,,,,,,,,,,,,,,,,,,,,,,,,,,,,,,,139.12277493476867,0.7263167768866376,28.083603396035677,0.5292845249176026
6876598a50de49788b6af810eb371378,,LOCAL,/usr/local/lib/python3.7/site-packages/ipykernel_launcher.py,root,FINISHED,,base_histgradientboostingregressor_meta_xgbregressor,,,,,,,,,,,,,,,,,,1965,stacking_estimator,,,,,,,,,,,,,,,,,,,,,,,,,,,,,,,,,,,,,,,,,,,,,,,,,,,,,,,,,,,,,,,,,,,,,,,,,,,,,,,,,,,,,,,,,,,,,,,,,,,,,,0.5,gbtree,1,1,1,0,gain,0.1,0,3,1,100,reg:squarederror,0,1,1,1,,,,,,,,,,,,,,,,,,,,,,,,,,,,,,0.0,0.1,least_squares,255,100,31,20,1e-07,0.1,False,,,,,,,,,,,,,,,,,,,,,,,,,,,,,,,,,,,,,,,,,,,,,,,,,9,35.6,130,250,0.575,0.49,False,,,,,,,,,,,,,,,,,,,,,,,,,,,,,,,,,,,,,,,,,,,,,,,,,,,,27.56293559074402,0.7137329393555649,31.459515851089588,0.4276230812072754
964abe1db80a4d4e9481631da87eda28,,LOCAL,/usr/local/lib/python3.7/site-packages/ipykernel_launcher.py,root,FINISHED,,base_gradientboostingregressor_meta_xgbregressor,,,,,,,,,,,,,,,,,,1965,stacking_estimator,,,,,,,,,,,,,,,,,,,,,,,,,,,,,,,,,,,,,,,,,,,,,,,,,,,,,,,,,,,,,,,,,,,,,,,,,,,,,,,,,,,,,,,,,,,,,,,,,,,,,,0.5,gbtree,1,1,1,0,gain,0.1,0,3,1,100,reg:squarederror,0,1,1,1,,,,,,,,,,,,,,0.9,0.0,friedman_mse,0.1,ls,3,0.0,1,2,0.0,100,deprecated,1.0,0.0001,0.1,False,,,,,,,,,,,,,,,,,,,,,,,,,,,,,,,,,,,,,,,,,,,,,,,,,,,,,,,,,,,9,35.6,130,250,0.575,0.49,False,,,,,,,,,,,,,,,,,,,,,,,,,,,,,,,,,,,,,,,,,,,,,,,,,,,,109.53419418334961,0.7098541344214624,28.91782889900791,0.3188204765319824
a3025a1a515f4f308d49bfa399194eee,,LOCAL,/usr/local/lib/python3.7/site-packages/ipykernel_launcher.py,root,FINISHED,,base_catboostregressor_meta_xgbregressor,,,,,,,,,,,,,,,,,,1965,stacking_estimator,,,,,,,,,,,,,,,,,,,,,,,,,,,,,,,,,,,,,,,,,,,,,,,,,,,,,,,,,,,,,,,,,,,,,,,,,,,,,,,,,,,,,,,,,,,,,,,,,,,,,,0.5,gbtree,1,1,1,0,gain,0.1,0,3,1,100,reg:squarederror,0,1,1,1,RMSE,42,,,,,,,,,,,,,,,,,,,,,,,,,,,,,,,,,,,,,,,,,,,,,,,,,,,,,,,,,,,,,,,,,,,,,,,,,,,,,,,,,,,,,,9,35.6,130,250,0.575,0.49,False,,,,,,,,,,,,,,,,,,,,,,,,,,,,,,,,,,,,,,,,,,,,,,,,,,,,99.59282431602477,0.7108203179963417,30.422975356346114,0.3483842372894287
175f7fe7005f43dfa447bfd7eb01c2ab,,LOCAL,/usr/local/lib/python3.7/site-packages/ipykernel_launcher.py,root,FINISHED,,sklearn_pipeline,,,,,,,,,,,,,,,,,,1965,stacking_estimator,,,,,,,,,,,,,,,,,,,,,,,,,,,,,,,,,,,,,,,,,,,,,,,,,,,,,,,,,,,,,,,,,,,,,,,,,,,,,,,,,,,,,,,,,,,,,,,,,,,,,,0.5,gbtree,1,1,1,0,gain,0.1,0,3,1,100,reg:squarederror,0,1,1,1,,,,,,,,,,,,,,,,,,,,,,,,,,,,,,,,,,,,,,,,,,,,,,,,,,,,,,,,,,,,,,,,,,,,,,,0.5,gbtree,1,1,1,0,gain,0.1,0,3,1,100,reg:squarederror,0,1,1,1,9,35.6,130,250,0.575,0.49,False,,,,,,,,,,,,,,,,,,,,,,,,,,,,,,,,,,,,,,,,,,,,,,,,,,,,21.502704286575316,0.7185779278645467,28.923749136958428,0.2733590126037598
9dce314af1274950a358fdc15bb03c7f,,LOCAL,/usr/local/lib/python3.7/site-packages/ipykernel_launcher.py,root,FINISHED,,2010,,,,,,,,,,,,,,,,,,2010,stacking_estimator,,,,,,,,,,,,,,,,,,,,,,,,,,9,35.6,130,250,0.575,0.49,,,,,,,,,,,,,,,,,,,,,,,,,,,,,,,,,,,,,,,,,,,,,,,,,,,,,,,,,,,,,,,,,,,,,,,,,,,,,,,,,,,,,,,,,,,,,,,,,,,,,,,,,,,,,,,,,,,,,,,,,,,,,,,,,,,,,,,,,,,,,,,,,,,,,,,,,,,,,,,,,,,,,,,,,,,,,,,,,,,,,,,,,,,,,,,,,,,,,,,0.5,gbtree,1,1,1,0,gain,0.1,0,3,1,100,reg:squarederror,0,1,1,1,0.5,gbtree,1,1,1,0,gain,0.1,0,3,1,100,reg:squarederror,0,1,1,1,3.7240463733673095,0.6847099104169598,31.17058661305084,0.24560236930847168
a6f2524a104847fcabea4baaf59ca300,,LOCAL,/usr/local/lib/python3.7/site-packages/ipykernel_launcher.py,root,FINISHED,,1990,,,,,,,,,,,,,,,,,,1990,stacking_estimator,,,,,,,,,,,,,,,,,,,,,,,,,,9,35.6,130,250,0.575,0.49,,,,,,,,,,,,,,,,,,,,,,,,,,,,,,,,,,,,,,,,,,,,,,,,,,,,,,,,,,,,,,,,,,,,,,,,,,,,,,,,,,,,,,,,,,,,,,,,,,,,,,,,,,,,,,,,,,,,,,,,,,,,,,,,,,,,,,,,,,,,,,,,,,,,,,,,,,,,,,,,,,,,,,,,,,,,,,,,,,,,,,,,,,,,,,,,,,,,,,,0.5,gbtree,1,1,1,0,gain,0.1,0,3,1,100,reg:squarederror,0,1,1,1,0.5,gbtree,1,1,1,0,gain,0.1,0,3,1,100,reg:squarederror,0,1,1,1,12.949511766433716,0.7137282491440364,29.561380815813358,0.24764299392700195
177e299d62204f168949b1711dbe7932,,LOCAL,/usr/local/lib/python3.7/site-packages/ipykernel_launcher.py,root,FINISHED,,1965,,,,,,,,,,,,,,,,,,1965,stacking_estimator,,,,,,,,,,,,,,,,,,,,,,,,,,9,35.6,130,250,0.575,0.49,,,,,,,,,,,,,,,,,,,,,,,,,,,,,,,,,,,,,,,,,,,,,,,,,,,,,,,,,,,,,,,,,,,,,,,,,,,,,,,,,,,,,,,,,,,,,,,,,,,,,,,,,,,,,,,,,,,,,,,,,,,,,,,,,,,,,,,,,,,,,,,,,,,,,,,,,,,,,,,,,,,,,,,,,,,,,,,,,,,,,,,,,,,,,,,,,,,,,,,0.5,gbtree,1,1,1,0,gain,0.1,0,3,1,100,reg:squarederror,0,1,1,1,0.5,gbtree,1,1,1,0,gain,0.1,0,3,1,100,reg:squarederror,0,1,1,1,21.772014713287355,0.7185779278645467,28.923749136958428,0.27070937156677244
d851977c7d294722a91c00bad116b2d4,,LOCAL,/usr/local/lib/python3.7/site-packages/ipykernel_launcher.py,root,FINISHED,5,stacking_cv,0.5,gbtree,1,1,1,0,gain,0.1,0,3,1,100,reg:squarederror,0,1,1,1,,stacking_estimator,,,,,,,,,,,,,,,,,,,,,,,,,,,,,,,,,,,,,,,,,,,,,,,,,,,,,,,,,,,,,,,,,,,,,,,,,,,,,,,,,,,,,,,,,,,,,,,,,,,,,,,,,,,,,,,,,,,,,,,,,,,,,,,,,,,,,,,,,,,,,,,,,,,,,,,,,,,,,,,,,,,,,,,,,,,,,,,,,,,,,,,,,,,,,,,,,,,,,,,,,,,,,,,,,,,,,,,,,,,,,,,,,,,,,,,,,,,,,,,,,,,,,,,,,,,,,,,,,,,,,,,,77.52641549110413,0.5638056376342574,35.10715782478074,0.2663553714752197
db1f296d7c414b0bab51f0bb7bc1603f,,LOCAL,/usr/local/lib/python3.6/site-packages/ipykernel_launcher.py,root,FINISHED,,stacking_estimator,,,,,,,,,,,,,,,,,,,stacking_estimator,,,,,,,,,,,,,,,,,,,,,,,,,,9,35.6,130,250,0.575,0.49,,,,,,,,,,,,,,,,,,,,,,,,,,,,,,,,,,,,,,,,,,,,,,,,,,,,,,,,,,,,,,,,,,,,,,,,,,,,,,,,,,,,,,,,,,,,,,,,,,,,,,,,,,,,,,,,,,,,,,,,,,,,,,,,,,,,,,,,,,,,,,,,,,,,,,,,,,,,,,,,,,,,,,,,,,,,,,,,,,,,,,,,,,,,,,,,,,,,,,,0.5,gbtree,1,1,1,0,gain,0.1,0,3,1,100,reg:squarederror,0,1,1,1,0.5,gbtree,1,1,1,0,gain,0.1,0,3,1,100,reg:squarederror,0,1,1,1,37.889597511291505,0.7156653065053235,28.978421528554453,0.3383474826812744
a3a4fc4237104d019d6f31f9ba214af3,,LOCAL,/usr/local/lib/python3.6/site-packages/ipykernel_launcher.py,root,FINISHED,,benchmark_estimator,,,,,,,,,,,,,,,,,,,benchmark_estimator,,,,,,,,,,,,,,,,,,,,,,,,,,,,,,,,,,,,,,,,,,,,,,,,,,,,,,,,,,,,,,,,,,,,,,,,,,,,,,,,,,,,,,,,,,,,,,,,,,,,,,,,,,,,,,,,,,,,,,,,,,,,,,,,,,,,,,,,,,,,,,,,,,,,,,,,,,,,,,,,,,,,,,,,,,,,,,,,,,,,,,,,,,,,,,,,,,,,,,,,,,,,,,,,,,,,,0.5,gbtree,1,1,1,0,gain,0.1,0,3,1,100,reg:squarederror,0,1,1,1,,,,,,,,,,,,,,,,,,,,,,,,,,,,,,,,,,,31.614024448394776,0.7137470099901505,28.596307624845746,0.10148706436157226
ed643fa38bc849fab805d5542dd88309,,LOCAL,/usr/local/lib/python3.6/site-packages/ipykernel_launcher.py,root,FINISHED,,tipresias_2019,,,,,,,,,,,,,,,,,,,tipresias_2019,0.5,dart,0.9593085973720467,1,0.8366869579732328,0,gain,0.13118764001091077,0,6,1,149,reg:squarederror,0.07296244459829336,0.11334834444556088,1,0.8285733635843882,True,False,1.0,1.0,7,False,False,0.030411689885916048,,,,,,,,,,,,,,,,,,,,,,,,,,,,,,,,,,,,,,,,,,,,,,,,,,,,,,,,,,,,,,,,,,,,,,,,,,,,,,,,,,,,,,,,,,,,,,,,,,,,,,,,,,,,,,,,,,,,,,,,,,,,,,,,,,,,,,,,,,,,,,,,,,,,,,,,,,,,,,,,,,,,,,,,,,,,,,,,,,,,,,,,,,,,,,,,,,,,,,,,,,,,,,,,,,,,,,,,,,,,,,,,,,,,,,,,,,,,,,,384.6344262599945,0.7272876506730455,28.163939697647624,0.19176301956176758
